word,type,pronunciation,definition_vn,unit
Arts and crafts club,n,/ɑːts ənd krɑːfts klʌb/,câu lạc bộ thủ công mỹ nghệ,Unit 1
Be crazy about,adj phr.,/biː ˈkreɪzi əˈbaʊt/,rất thích hoặc cuồng cái gì,Unit 1
Be fond of,adj phr.,/biː fɒnd əv/,thích cái gì,Unit 1
Be interested in,adj phr.,/biː ˈɪntrəstɪd ɪn/,quan tâm hoặc hứng thú với,Unit 1
Be keen on,adj phr.,/biː kiːn ɒn/,yêu thích,Unit 1
Connect,v,/kəˈnekt/,kết nối,Unit 1
DIY (Do-it-yourself),n,/ˌdiː aɪ ˈwaɪ/,việc tự làm đồ dùng,Unit 1
Messaging friends,v phr.,/ˈmesɪdʒɪŋ frendz/,nhắn tin cho bạn bè,Unit 1
Origami,n,/ˌɒrɪˈɡɑːmi/,nghệ thuật gấp giấy,Unit 1
Surfing the net,v phr.,/ˈsɜːfɪŋ ðə net/,lướt mạng,Unit 1
Canals,n,/kəˈnælz/,các kênh đào,Unit 2
Catching fish,v phr.,/ˈkætʃɪŋ fɪʃ/,đánh bắt cá,Unit 2
Cattle,n,/ˈkætl/,gia súc,Unit 2
Combine harvester,n,/kəmˈbaɪn ˈhɑːvɪstə(r)/,máy gặt đập liên hợp,Unit 2
Cultivate,v,/ˈkʌltɪveɪt/,trồng trọt hoặc canh tác,Unit 2
Drying rice,v phr.,/ˈdraɪɪŋ raɪs/,phơi thóc/lúa,Unit 2
Feeding pigs,v phr.,/ˈfiːdɪŋ pɪɡz/,cho lợn ăn,Unit 2
Harvest time,n,/ˈhɑːvɪst taɪm/,mùa thu hoạch,Unit 2
Herd,v,/hɜːd/,chăn dắt (gia súc),Unit 2
Hospitable,adj,/hɒˈspɪtəbl/,hiếu khách,Unit 2
Load,v,/ləʊd/,bốc hoặc xếp hàng (lên xe),Unit 2
Milking cows,v phr.,/ˈmɪlkɪŋ kaʊz/,vắt sữa bò,Unit 2
Orchard,n,/ˈɔːtʃəd/,vườn cây ăn quả,Unit 2
Paddy field,n,/ˈpædi fiːld/,cánh đồng lúa,Unit 2
Pick,v,/pɪk/,"hái, nhặt",Unit 2
Picturesque,adj,/ˌpɪktʃəˈresk/,đẹp như tranh vẽ,Unit 2
Ploughing fields,v phr.,/ˈplaʊɪŋ fiːldz/,cày ruộng,Unit 2
Poultry,n,/ˈpəʊltri/,gia cầm,Unit 2
Scenery,n,/ˈsiːnəri/,phong cảnh,Unit 2
Stretching,adj,/ˈstretʃɪŋ/,trải dài,Unit 2
Surrounded,adj,/səˈraʊndɪd/,bị bao quanh,Unit 2
Unload,v,/ˌʌnˈləʊd/,dỡ hàng (xuống xe),Unit 2
Vast,adj,/vɑːst/,"rộng lớn, bao la",Unit 2
Well-trained,adj,/ˌwel ˈtreɪnd/,được đào tạo bài bản,Unit 2
Browse,v,/braʊz/,lướt (web hoặc mạng xã hội),Unit 3
Bully,n,/ˈbʊli/,kẻ bắt nạt,Unit 3
Check,v,/tʃek/,kiểm tra (thông báo),Unit 3
Chess club,n,/tʃes klʌb/,câu lạc bộ cờ,Unit 3
Concentrate,v,/ˈkɒnsntreɪt/,tập trung,Unit 3
Forum,n,/ˈfɔːrəm/,diễn đàn,Unit 3
Log on,phr. v,/lɒɡ ɒn/,đăng nhập,Unit 3
Pressure,n,/ˈpreʃə(r)/,áp lực,Unit 3
Upload,v,/ˌʌpˈləʊd/,tải lên,Unit 3
Bamboo flute,n,/ˌbæmˈbuː fluːt/,sáo trúc,Unit 4
Ethnic group,n,/ˈeθnɪk ɡruːp/,nhóm dân tộc,Unit 4
Five-colour sticky rice,n,/faɪv ˈkʌlə(r) ˈstɪki raɪs/,xôi ngũ sắc,Unit 4
Folk dance,n,/fəʊk dɑːns/,điệu múa dân gian,Unit 4
Gardening,n,/ˈɡɑːdnɪŋ/,công việc làm vườn,Unit 4
Gong,n,/ɡɒŋ/,"cái cồng, chiêng",Unit 4
Livestock,n,/ˈlaɪvstɒk/,vật nuôi (trang trại),Unit 4
Minority group,n,/maɪˈnɒrəti ɡruːp/,nhóm dân tộc thiểu số,Unit 4
Musical instrument,n,/ˈmjuːzɪkl ˈɪnstrəmənt/,nhạc cụ,Unit 4
Open fire,n,/ˈəʊpən ˈfaɪə(r)/,bếp lửa mở,Unit 4
Posts,n,/pəʊsts/,cột (nhà sàn),Unit 4
Raise,v,/reɪz/,"chăn nuôi, nuôi dưỡng",Unit 4
Rong house,n,/rɒŋ haʊs/,nhà rông của đồng bào Tây Nguyên,Unit 4
Staircase,n,/ˈsteəkeɪs/,cầu thang,Unit 4
Stilt house,n,/stilt haʊs/,nhà sàn,Unit 4
Terraced fields,n,/ˈterəst fiːldz/,ruộng bậc thang,Unit 4
Weaving,n,/ˈwiːvɪŋ/,"việc đan, dệt",Unit 4
Wooden statue,n,/ˈwʊdn ˈstætʃuː/,tượng gỗ,Unit 4
Admire,v,/ədˈmaɪə(r)/,"ngưỡng mộ, chiêm ngưỡng",Unit 5
Bamboo pole,n,/ˌbæmˈbuː pəʊl/,cây nêu,Unit 5
Blooming flowers,n,/ˈbluːmɪŋ ˈflaʊəz/,hoa đang nở,Unit 5
Celebration,n,/ˌselɪˈbreɪʃn/,"sự tổ chức, lễ kỷ niệm",Unit 5
Chase,v,/tʃeɪs/,"xua đuổi, đuổi theo",Unit 5
Communal house,n,/kəˈmjuːnl haʊs/,đình làng,Unit 5
Custom,n,/ˈkʌstəm/,phong tục,Unit 5
Decorative items,n,/ˈdekərətɪv ˈaɪtəmz/,đồ trang trí,Unit 5
Family reunion,n,/ˈfæməli riːˈjuːniən/,cuộc sum họp gia đình,Unit 5
Festival goers,n,/ˈfestɪvl ɡəʊəz/,người đi trẩy hội,Unit 5
Food offerings,n,/fuːd ˈɒfərɪŋz/,đồ cúng tế,Unit 5
Martial arts,n,/ˌmɑːʃl ˈɑːts/,võ thuật,Unit 5
Ornamental tree,n,/ˌɔːnəˈmentl triː/,cây cảnh,Unit 5
Place,v,/pleɪs/,"đặt, để",Unit 5
Pray,v,/preɪ/,cầu nguyện,Unit 5
Reunion,n,/ˌriːˈjuːniən/,sự sum họp,Unit 5
Wedding ceremony,n,/ˈwedɪŋ ˈserəməni/,hôn lễ,Unit 5
Whale worship,n,/weɪl ˈwɜːʃɪp/,tục thờ cá Ông,Unit 5
Worship,v,/ˈwɜːʃɪp/,"thờ cúng, tôn thờ",Unit 5
